"Amsterdam","Amsterdam","52.3667","4.8833","Netherlands","NL","NLD","Noord-Holland","primary","862965","1528355309"
"The Hague","The Hague","52.0800","4.3100","Netherlands","NL","NLD","Zuid-Holland","primary","537833","1528799905"
"Rotterdam","Rotterdam","51.9225","4.4792","Netherlands","NL","NLD","Zuid-Holland","minor","631155","1528892850"
"Utrecht","Utrecht","52.0889","5.1156","Netherlands","NL","NLD","Utrecht","admin","343779","1528871692"
"Eindhoven","Eindhoven","51.4344","5.4842","Netherlands","NL","NLD","Noord-Brabant","minor","231642","1528636212"
"Tilburg","Tilburg","51.5700","5.0700","Netherlands","NL","NLD","Noord-Brabant","minor","217259","1528817379"
"Almere","Almere","52.3758","5.2256","Netherlands","NL","NLD","Flevoland","minor","207904","1528683566"
"Groningen","Groningen","53.2167","6.5667","Netherlands","NL","NLD","Groningen","admin","201462","1528295161"
"Breda","Breda","51.5875","4.7750","Netherlands","NL","NLD","Noord-Brabant","minor","183873","1528921549"
"Nijmegen","Nijmegen","51.8475","5.8625","Netherlands","NL","NLD","Gelderland","minor","177659","1528136727"
"Haarlem","Haarlem","52.3803","4.6406","Netherlands","NL","NLD","Noord-Holland","admin","162902","1528822178"
"Apeldoorn","Apeldoorn","52.2100","5.9700","Netherlands","NL","NLD","Gelderland","minor","161156","1528057552"
"Enschede","Enschede","52.2236","6.8956","Netherlands","NL","NLD","Overijssel","minor","159703","1528181808"
"Amersfoort","Amersfoort","52.1500","5.3800","Netherlands","NL","NLD","Utrecht","minor","156286","1528206992"
"Zaanstad","Zaanstad","52.4697","4.7767","Netherlands","NL","NLD","Noord-Holland","","154037","1528395473"
"Hoofddorp","Hoofddorp","52.3008","4.6653","Netherlands","NL","NLD","Noord-Holland","minor","154235","1528519634"
"Arnhem","Arnhem","51.9833","5.9167","Netherlands","NL","NLD","Gelderland","admin","148070","1528862562"
"’s-Hertogenbosch","'s-Hertogenbosch","51.6833","5.3167","Netherlands","NL","NLD","Noord-Brabant","admin","134520","1528012333"
"Leiden","Leiden","52.1544","4.4947","Netherlands","NL","NLD","Zuid-Holland","minor","124899","1528966223"
"Zoetermeer","Zoetermeer","52.0611","4.4933","Netherlands","NL","NLD","Zuid-Holland","minor","124994","1528416914"
"Zwolle","Zwolle","52.5167","6.1000","Netherlands","NL","NLD","Overijssel","admin","124914","1528690076"
"Maastricht","Maastricht","50.8667","5.6833","Netherlands","NL","NLD","Limburg","admin","121565","1528563623"
"Dordrecht","Dordrecht","51.8100","4.6700","Netherlands","NL","NLD","Zuid-Holland","minor","118654","1528952691"
"Alphen aan den Rijn","Alphen aan den Rijn","52.1333","4.6500","Netherlands","NL","NLD","Zuid-Holland","minor","110986","1528593016"
"Alkmaar","Alkmaar","52.6289","4.7440","Netherlands","NL","NLD","Noord-Holland","minor","107822","1528566376"
"Emmen","Emmen","52.7833","6.9000","Netherlands","NL","NLD","Drenthe","minor","107471","1528332075"
"Delft","Delft","52.0119","4.3594","Netherlands","NL","NLD","Zuid-Holland","minor","100011","1528448452"
"Amstelveen","Amstelveen","52.3019","4.8581","Netherlands","NL","NLD","Noord-Holland","minor","91675","1528243202"
"Purmerend","Purmerend","52.5050","4.9639","Netherlands","NL","NLD","Noord-Holland","minor","80117","1528918720"
"Schiedam","Schiedam","51.9167","4.4000","Netherlands","NL","NLD","Zuid-Holland","minor","77999","1528910170"
"Lelystad","Lelystad","52.5167","5.4833","Netherlands","NL","NLD","Flevoland","admin","77893","1528990721"
"Gouda","Gouda","52.0181","4.7056","Netherlands","NL","NLD","Zuid-Holland","minor","71449","1528695192"
"Spijkenisse","Spijkenisse","51.8333","4.3167","Netherlands","NL","NLD","Zuid-Holland","minor","72740","1528234095"
"Vlaardingen","Vlaardingen","51.9167","4.3500","Netherlands","NL","NLD","Zuid-Holland","minor","72404","1528137355"
"Zaandam","Zaandam","52.4417","4.8422","Netherlands","NL","NLD","Noord-Holland","minor","68695","1528041299"
"Capelle aan den IJssel","Capelle aan den IJssel","51.9357","4.5782","Netherlands","NL","NLD","Zuid-Holland","minor","66514","1528883195"
"Veenendaal","Veenendaal","52.0250","5.5550","Netherlands","NL","NLD","Utrecht","minor","65589","1528062494"
"Assen","Assen","53.0000","6.5500","Netherlands","NL","NLD","Drenthe","admin","67580","1528917714"
"Katwijk","Katwijk","52.2008","4.4153","Netherlands","NL","NLD","Zuid-Holland","minor","65302","1528804942"
"Nieuwegein","Nieuwegein","52.0314","5.0919","Netherlands","NL","NLD","Utrecht","minor","63036","1528701694"
"Rijswijk","Rijswijk","52.0456","4.3300","Netherlands","NL","NLD","Zuid-Holland","minor","51742","1528456884"
"Barendrecht","Barendrecht","51.8500","4.5333","Netherlands","NL","NLD","Zuid-Holland","minor","48673","1528438292"
"Middelburg","Middelburg","51.4997","3.6136","Netherlands","NL","NLD","Zeeland","admin","47939","1528241984"
"Kerkrade","Kerkrade","50.8667","6.0667","Netherlands","NL","NLD","Limburg","minor","45642","1528289295"
"Beverwijk","Beverwijk","52.4864","4.6572","Netherlands","NL","NLD","Noord-Holland","minor","41176","1528896975"
"Maassluis","Maassluis","51.9189","4.2567","Netherlands","NL","NLD","Zuid-Holland","minor","32768","1528829387"
"Papendrecht","Papendrecht","51.8333","4.6833","Netherlands","NL","NLD","Zuid-Holland","minor","32290","1528603261"
"Bussum","Bussum","52.2733","5.1611","Netherlands","NL","NLD","Noord-Holland","minor","32410","1528731782"
"Hendrik-Ido-Ambacht","Hendrik-Ido-Ambacht","51.8500","4.6300","Netherlands","NL","NLD","Zuid-Holland","minor","30966","1528804375"
"Krimpen aan den IJssel","Krimpen aan den IJssel","51.9200","4.6000","Netherlands","NL","NLD","Zuid-Holland","minor","29376","1528654636"
"Diemen","Diemen","52.3439","4.9625","Netherlands","NL","NLD","Noord-Holland","minor","29196","1528749595"
"Heemstede","Heemstede","52.3528","4.6200","Netherlands","NL","NLD","Noord-Holland","minor","27286","1528827638"
"Leiderdorp","Leiderdorp","52.1617","4.5283","Netherlands","NL","NLD","Zuid-Holland","minor","27109","1528990353"
"Oegstgeest","Oegstgeest","52.1667","4.4667","Netherlands","NL","NLD","Zuid-Holland","minor","24426","1528455119"
"Voorschoten","Voorschoten","52.1250","4.4450","Netherlands","NL","NLD","Zuid-Holland","minor","25479","1528045631"
"Leeuwarden","Leeuwarden","53.2000","5.7833","Netherlands","NL","NLD","Fryslân","admin","17077","1528992603"
"Oranjestad","Oranjestad","17.4833","-62.9833","Netherlands","NL","NLD","","admin","1021","1528346417"
"The Bottom","The Bottom","17.6261","-63.2492","Netherlands","NL","NLD","","admin","495","1528203421"
"Kralendijk","Kralendijk","12.1517","-68.2761","Netherlands","NL","NLD","","admin","","1528693863"
"Deventer","Deventer","52.2500","6.2000","Netherlands","NL","NLD","Overijssel","minor","99166","1528681564"
"Helmond","Helmond","51.4797","5.6556","Netherlands","NL","NLD","Noord-Brabant","minor","91524","1528158256"
"Oss","Oss","51.7667","5.5167","Netherlands","NL","NLD","Noord-Brabant","minor","91451","1528488100"
"Hilversum","Hilversum","52.2300","5.1800","Netherlands","NL","NLD","Noord-Holland","minor","87817","1528160832"
"Heerlen","Heerlen","50.8833","5.9833","Netherlands","NL","NLD","Limburg","minor","86833","1528095552"
"Hengelo","Hengelo","52.2656","6.7931","Netherlands","NL","NLD","Overijssel","minor","80683","1528989102"
"Roosendaal","Roosendaal","51.5314","4.4556","Netherlands","NL","NLD","Noord-Brabant","minor","77032","1528671703"
"Hoorn","Hoorn","52.6533","5.0733","Netherlands","NL","NLD","Noord-Holland","minor","73261","1528487371"
"Almelo","Almelo","52.3575","6.6667","Netherlands","NL","NLD","Overijssel","minor","72459","1528084436"
"Ede","Ede","52.0436","5.6667","Netherlands","NL","NLD","Gelderland","minor","72460","1528361626"
"Velsen-Zuid","Velsen-Zuid","52.4667","4.6167","Netherlands","NL","NLD","Noord-Holland","","68348","1528400159"
"Bergen op Zoom","Bergen op Zoom","51.5000","4.3000","Netherlands","NL","NLD","Noord-Brabant","minor","66811","1528854489"
"Zeist","Zeist","52.0833","5.2333","Netherlands","NL","NLD","Utrecht","minor","63934","1528328689"
"Hardenberg","Hardenberg","52.5758","6.6194","Netherlands","NL","NLD","Overijssel","minor","59689","1528418697"
"Barneveld","Barneveld","52.1333","5.5833","Netherlands","NL","NLD","Gelderland","minor","57971","1528016658"
"Doetinchem","Doetinchem","51.9667","6.2833","Netherlands","NL","NLD","Gelderland","minor","57555","1528625414"
"Heerhugowaard","Heerhugowaard","52.6680","4.8410","Netherlands","NL","NLD","Noord-Holland","minor","56742","1528560409"
"Roermond","Roermond","51.1933","5.9872","Netherlands","NL","NLD","Limburg","minor","57308","1528173066"
"Oosterhout","Oosterhout","51.6431","4.8569","Netherlands","NL","NLD","Noord-Brabant","minor","55616","1528012745"
"Den Helder","Den Helder","52.9583","4.7589","Netherlands","NL","NLD","Noord-Holland","minor","55604","1528605675"
"Hoogeveen","Hoogeveen","52.7167","6.4667","Netherlands","NL","NLD","Drenthe","minor","55224","1528912562"
"Terneuzen","Terneuzen","51.2931","3.8339","Netherlands","NL","NLD","Zeeland","minor","54589","1528400291"
"Kampen","Kampen","52.5500","5.9000","Netherlands","NL","NLD","Overijssel","minor","53779","1528270646"
"Woerden","Woerden","52.0858","4.8833","Netherlands","NL","NLD","Utrecht","minor","51156","1528805215"
"Houten","Houten","52.0261","5.1728","Netherlands","NL","NLD","Utrecht","minor","49911","1528005173"
"Sittard","Sittard","51.0000","5.8667","Netherlands","NL","NLD","Limburg","minor","49483","1528793014"
"Weert","Weert","51.2500","5.7000","Netherlands","NL","NLD","Limburg","minor","49842","1528448216"
"IJmuiden","IJmuiden","52.4586","4.6194","Netherlands","NL","NLD","Noord-Holland","minor","48320","1528185831"
"Waalwijk","Waalwijk","51.6833","5.0667","Netherlands","NL","NLD","Noord-Brabant","minor","48240","1528562202"
"Harderwijk","Harderwijk","52.3506","5.6172","Netherlands","NL","NLD","Gelderland","minor","47581","1528263150"
"Zutphen","Zutphen","52.1400","6.1950","Netherlands","NL","NLD","Gelderland","minor","47423","1528580352"
"Ridderkerk","Ridderkerk","51.8667","4.6000","Netherlands","NL","NLD","Zuid-Holland","minor","46241","1528684351"
"Schagen","Schagen","52.7800","4.8000","Netherlands","NL","NLD","Noord-Holland","minor","46553","1528010358"
"Soest","Soest","52.1833","5.2833","Netherlands","NL","NLD","Utrecht","minor","46194","1528216001"
"Veldhoven","Veldhoven","51.4200","5.4050","Netherlands","NL","NLD","Noord-Brabant","minor","45337","1528462700"
"Zwijndrecht","Zwijndrecht","51.8240","4.6126","Netherlands","NL","NLD","Zuid-Holland","minor","44454","1528524104"
"Medemblik","Medemblik","52.7674","5.1037","Netherlands","NL","NLD","Noord-Holland","","44809","1528256385"
"Heusden","Heusden","51.6998","5.1660","Netherlands","NL","NLD","Noord-Brabant","","44135","1528318846"
"Etten-Leur","Etten-Leur","51.5706","4.6356","Netherlands","NL","NLD","Noord-Brabant","minor","43774","1528512039"
"Vlissingen","Vlissingen","51.4500","3.5833","Netherlands","NL","NLD","Zeeland","minor","44417","1528524195"
"Rheden","Rheden","52.0000","6.0167","Netherlands","NL","NLD","Gelderland","","43816","1528068057"
"Zevenaar","Zevenaar","51.9167","6.0833","Netherlands","NL","NLD","Gelderland","minor","43488","1528993139"
"Venray","Venray","51.5258","5.9747","Netherlands","NL","NLD","Limburg","minor","43326","1528891119"
"Noordwijk","Noordwijk","52.2333","4.4333","Netherlands","NL","NLD","Zuid-Holland","minor","42859","1528932000"
"Nijkerk","Nijkerk","52.2167","5.4833","Netherlands","NL","NLD","Gelderland","minor","42943","1528422817"
"De Bilt","De Bilt","52.1119","5.1825","Netherlands","NL","NLD","Utrecht","","42824","1528141084"
"Tiel","Tiel","51.8833","5.4333","Netherlands","NL","NLD","Gelderland","minor","41978","1528386027"
"Uden","Uden","51.6667","5.6167","Netherlands","NL","NLD","Noord-Brabant","minor","41782","1528113509"
"Wijchen","Wijchen","51.8067","5.7211","Netherlands","NL","NLD","Gelderland","minor","40951","1528300433"
"Hellevoetsluis","Hellevoetsluis","51.8333","4.1333","Netherlands","NL","NLD","Zuid-Holland","minor","40049","1528739669"
"Maarssen","Maarssen","52.1408","5.0394","Netherlands","NL","NLD","Utrecht","minor","39752","1528103509"
"Dronten","Dronten","52.5242","5.7125","Netherlands","NL","NLD","Flevoland","minor","40815","1528712239"
"Heemskerk","Heemskerk","52.5108","4.6728","Netherlands","NL","NLD","Noord-Holland","minor","39164","1528784023"
"Wageningen","Wageningen","51.9644","5.6631","Netherlands","NL","NLD","Gelderland","minor","38774","1528070340"
"Landgraaf","Landgraaf","50.9083","6.0297","Netherlands","NL","NLD","Limburg","minor","37591","1528095847"
"Veghel","Veghel","51.6169","5.5481","Netherlands","NL","NLD","Noord-Brabant","minor","38077","1528658070"
"Venlo","Venlo","51.3700","6.1681","Netherlands","NL","NLD","Limburg","minor","37663","1528690544"
"Teijlingen","Teijlingen","52.2150","4.5103","Netherlands","NL","NLD","Zuid-Holland","","37061","1528639045"
"Goes","Goes","51.5000","3.8833","Netherlands","NL","NLD","Zeeland","minor","37739","1528134132"
"Raalte","Raalte","52.4000","6.2833","Netherlands","NL","NLD","Overijssel","minor","37511","1528789271"
"Moerdijk","Moerdijk","51.6550","4.5325","Netherlands","NL","NLD","Noord-Brabant","","36961","1528060110"
"Gorinchem","Gorinchem","51.8306","4.9742","Netherlands","NL","NLD","Zuid-Holland","minor","35255","1528005855"
"Castricum","Castricum","52.5517","4.6583","Netherlands","NL","NLD","Noord-Holland","minor","35772","1528242440"
"Bronkhorst","Bronkhorst","52.0500","6.3000","Netherlands","NL","NLD","Gelderland","","36212","1528829480"
"Hellendoorn","Hellendoorn","52.3885","6.4497","Netherlands","NL","NLD","Overijssel","","35808","1528944468"
"Coevorden","Coevorden","52.6667","6.7500","Netherlands","NL","NLD","Drenthe","minor","35483","1528647157"
"Berg en Dal","Berg en Dal","51.8292","5.9258","Netherlands","NL","NLD","Gelderland","","34798","1528151765"
"IJsselstein","IJsselstein","52.0200","5.0422","Netherlands","NL","NLD","Utrecht","minor","34160","1528645762"
"Meppel","Meppel","52.7033","6.1917","Netherlands","NL","NLD","Drenthe","minor","33564","1528720406"
"Sneek","Sneek","53.0325","5.6600","Netherlands","NL","NLD","Fryslân","minor","33855","1528519107"
"Tynaarlo","Tynaarlo","53.0833","6.6000","Netherlands","NL","NLD","Drenthe","","33698","1528510592"
"Lochem","Lochem","52.1500","6.4167","Netherlands","NL","NLD","Gelderland","minor","33590","1528747792"
"Epe","Epe","52.3333","5.9167","Netherlands","NL","NLD","Gelderland","minor","33145","1528488090"
"Oldenzaal","Oldenzaal","52.3125","6.9292","Netherlands","NL","NLD","Overijssel","minor","31840","1528961744"
"Rosmalen","Rosmalen","51.7167","5.3667","Netherlands","NL","NLD","Noord-Brabant","","31219","1528018450"
"Aalsmeer","Aalsmeer","52.2639","4.7625","Netherlands","NL","NLD","Noord-Holland","minor","31728","1528899853"
"Deurne","Deurne","51.4639","5.7947","Netherlands","NL","NLD","Noord-Brabant","minor","32362","1528815355"
"Stadskanaal","Stadskanaal","52.9864","6.9589","Netherlands","NL","NLD","Groningen","minor","31789","1528657709"
"Renkum","Renkum","51.9667","5.7333","Netherlands","NL","NLD","Gelderland","","31302","1528187286"
"Valkenswaard","Valkenswaard","51.3500","5.4592","Netherlands","NL","NLD","Noord-Brabant","minor","30910","1528944698"
"Boxtel","Boxtel","51.5911","5.3275","Netherlands","NL","NLD","Noord-Brabant","minor","30747","1528314024"
"Best","Best","51.5108","5.3922","Netherlands","NL","NLD","Noord-Brabant","minor","29821","1528108081"
"Leusden","Leusden","52.1331","5.4297","Netherlands","NL","NLD","Utrecht","minor","30030","1528565031"
"Uithoorn","Uithoorn","52.2422","4.8250","Netherlands","NL","NLD","Noord-Holland","minor","29478","1528483112"
"Bergen","Bergen","52.6703","4.7054","Netherlands","NL","NLD","Noord-Holland","","29974","1528106849"
"Heesch","Heesch","51.7314","5.5300","Netherlands","NL","NLD","Noord-Brabant","minor","29728","1528844626"
"Oosterend","Oosterend","53.0036","6.0664","Netherlands","NL","NLD","Fryslân","","29723","1528797070"
"Brunssum","Brunssum","50.9500","5.9667","Netherlands","NL","NLD","Limburg","minor","28103","1528862260"
"Sint-Michielsgestel","Sint-Michielsgestel","51.6433","5.3586","Netherlands","NL","NLD","Noord-Brabant","minor","28991","1528884798"
"Culemborg","Culemborg","51.9500","5.2333","Netherlands","NL","NLD","Gelderland","minor","28555","1528861210"
"Boxmeer","Boxmeer","51.6483","5.9444","Netherlands","NL","NLD","Noord-Brabant","minor","29065","1528624004"
"Waddinxveen","Waddinxveen","52.0333","4.6333","Netherlands","NL","NLD","Zuid-Holland","minor","28316","1528011369"
"Winterswijk","Winterswijk","51.9667","6.7167","Netherlands","NL","NLD","Gelderland","minor","28903","1528225916"
"Langedijk","Langedijk","52.6936","4.7944","Netherlands","NL","NLD","Noord-Holland","","27992","1528789674"
"Nieuwkoop","Nieuwkoop","52.1500","4.7667","Netherlands","NL","NLD","Zuid-Holland","","28628","1528015076"
"Heerenveen","Heerenveen","52.9500","5.9333","Netherlands","NL","NLD","Fryslân","minor","28497","1528356043"
"Dalfsen","Dalfsen","52.5031","6.2592","Netherlands","NL","NLD","Overijssel","minor","28499","1528339087"
"Zaltbommel","Zaltbommel","51.8000","5.2500","Netherlands","NL","NLD","Gelderland","minor","27549","1528934368"
"Veendam","Veendam","53.1000","6.8667","Netherlands","NL","NLD","Groningen","minor","27491","1528706438"
"Nunspeet","Nunspeet","52.3333","5.7833","Netherlands","NL","NLD","Gelderland","minor","27481","1528766305"
"Hulst","Hulst","51.3158","4.0539","Netherlands","NL","NLD","Zeeland","minor","27524","1528357490"
"Drimmelen","Drimmelen","51.6944","4.7972","Netherlands","NL","NLD","Noord-Brabant","","27150","1528513571"
"Aalten","Aalten","51.9250","6.5808","Netherlands","NL","NLD","Gelderland","minor","27011","1528326020"
"Ermelo","Ermelo","52.3000","5.6331","Netherlands","NL","NLD","Gelderland","minor","26858","1528737145"
"Vught","Vught","51.6500","5.3000","Netherlands","NL","NLD","Noord-Brabant","minor","26396","1528328553"
"Werkendam","Werkendam","51.8097","4.8928","Netherlands","NL","NLD","Noord-Brabant","minor","26940","1528525610"
"Geldermalsen","Geldermalsen","51.8833","5.2833","Netherlands","NL","NLD","Gelderland","minor","26818","1528816915"
"Dongen","Dongen","51.6258","4.9433","Netherlands","NL","NLD","Noord-Brabant","minor","26051","1528299202"
"Sliedrecht","Sliedrecht","51.8222","4.7744","Netherlands","NL","NLD","Zuid-Holland","minor","25026","1528494904"
"Wassenaar","Wassenaar","52.1453","4.4006","Netherlands","NL","NLD","Zuid-Holland","minor","26211","1528746121"
"Oisterwijk","Oisterwijk","51.5833","5.2000","Netherlands","NL","NLD","Noord-Brabant","minor","26140","1528135071"
"Beuningen","Beuningen","51.8667","5.7667","Netherlands","NL","NLD","Gelderland","minor","25882","1528306688"
"Stein","Stein","50.9679","5.7652","Netherlands","NL","NLD","Limburg","minor","24961","1528261703"
"Duiven","Duiven","51.9472","6.0211","Netherlands","NL","NLD","Gelderland","minor","25332","1528557240"
"Tholen","Tholen","51.5847","4.1211","Netherlands","NL","NLD","Zeeland","minor","25780","1528449757"
"Veenoord","Veenoord","52.9875","6.2914","Netherlands","NL","NLD","Fryslân","","25531","1528771829"
"Oud-Beijerland","Oud-Beijerland","51.8200","4.4200","Netherlands","NL","NLD","Zuid-Holland","minor","24301","1528064011"
"Baarn","Baarn","52.2125","5.2861","Netherlands","NL","NLD","Utrecht","minor","24767","1528984547"
"Cuijk","Cuijk","51.7269","5.8794","Netherlands","NL","NLD","Noord-Brabant","minor","24931","1528466383"
"Steenbergen","Steenbergen","51.5833","4.2500","Netherlands","NL","NLD","Noord-Brabant","minor","25054","1528925300"
"Delfzijl","Delfzijl","53.3333","6.9167","Netherlands","NL","NLD","Groningen","minor","24716","1528897599"
"Heiloo","Heiloo","52.6011","4.7019","Netherlands","NL","NLD","Noord-Holland","minor","23464","1528757776"
"Voorst","Voorst","52.2333","6.0833","Netherlands","NL","NLD","Gelderland","","24417","1528065793"
"Wierden","Wierden","52.3500","6.5833","Netherlands","NL","NLD","Overijssel","minor","24351","1528021372"
"Haaksbergen","Haaksbergen","52.1547","6.7419","Netherlands","NL","NLD","Overijssel","minor","24277","1528342884"
"Putten","Putten","52.2579","5.6080","Netherlands","NL","NLD","Gelderland","minor","24198","1528973473"
"Goirle","Goirle","51.5203","5.0671","Netherlands","NL","NLD","Noord-Brabant","minor","23793","1528485242"
"Wijk bij Duurstede","Wijk bij Duurstede","51.9761","5.3369","Netherlands","NL","NLD","Utrecht","minor","23762","1528933907"
"Lisse","Lisse","52.2597","4.5611","Netherlands","NL","NLD","Zuid-Holland","minor","22800","1528160050"
"Borne","Borne","52.3000","6.7500","Netherlands","NL","NLD","Overijssel","minor","23210","1528920797"
"Bloemendaal","Bloemendaal","52.4028","4.6281","Netherlands","NL","NLD","Noord-Holland","","23410","1528509651"
"Oldebroek","Oldebroek","52.4667","5.9167","Netherlands","NL","NLD","Gelderland","minor","23598","1528582577"
"Loon op Zand","Loon op Zand","51.6275","5.0758","Netherlands","NL","NLD","Noord-Brabant","","23327","1528312573"
"Elburg","Elburg","52.4333","5.8500","Netherlands","NL","NLD","Gelderland","minor","23086","1528998186"
"Sluis","Sluis","51.3500","3.5000","Netherlands","NL","NLD","Zeeland","","23386","1528332351"
"Hillegom","Hillegom","52.2917","4.5794","Netherlands","NL","NLD","Zuid-Holland","minor","21966","1528098877"
"Rucphen","Rucphen","51.5319","4.5597","Netherlands","NL","NLD","Noord-Brabant","minor","22572","1528156482"
"Losser","Losser","52.2617","7.0044","Netherlands","NL","NLD","Overijssel","minor","22622","1528246399"
"Beek en Donk","Beek en Donk","51.5161","5.6208","Netherlands","NL","NLD","Noord-Brabant","minor","22333","1528543857"
"Zeewolde","Zeewolde","52.3333","5.5167","Netherlands","NL","NLD","Flevoland","minor","22309","1528306050"
"Geertruidenberg","Geertruidenberg","51.7008","4.8603","Netherlands","NL","NLD","Noord-Brabant","","21515","1528001604"
"Woensdrecht","Woensdrecht","51.4300","4.3050","Netherlands","NL","NLD","Noord-Brabant","","21866","1528569809"
"Alblasserdam","Alblasserdam","51.8667","4.6667","Netherlands","NL","NLD","Zuid-Holland","minor","20069","1528038126"
"Zundert","Zundert","51.4703","4.6600","Netherlands","NL","NLD","Noord-Brabant","minor","21612","1528815556"
"Leerdam","Leerdam","51.8939","5.0914","Netherlands","NL","NLD","Zuid-Holland","minor","21030","1528119382"
"Tubbergen","Tubbergen","52.4000","6.7667","Netherlands","NL","NLD","Overijssel","minor","21276","1528263465"
"Urk","Urk","52.6653","5.6058","Netherlands","NL","NLD","Flevoland","minor","20776","1528778897"
"Brummen","Brummen","52.1000","6.1667","Netherlands","NL","NLD","Gelderland","minor","20698","1528439273"
"Cranendonck","Cranendonck","51.2853","5.5881","Netherlands","NL","NLD","Noord-Brabant","","20440","1528448818"
"Edam","Edam","52.5167","5.0500","Netherlands","NL","NLD","Noord-Holland","","18828","1528614478"
"Rhenen","Rhenen","51.9597","5.5689","Netherlands","NL","NLD","Utrecht","minor","20004","1528573204"
"Bladel","Bladel","51.3667","5.2167","Netherlands","NL","NLD","Noord-Brabant","minor","20175","1528208371"
"Vianen","Vianen","51.9833","5.1000","Netherlands","NL","NLD","Utrecht","minor","19967","1528383911"
"Haren","Haren","53.1667","6.6000","Netherlands","NL","NLD","Groningen","minor","19860","1528092333"
"Weesp","Weesp","52.3069","5.0417","Netherlands","NL","NLD","Noord-Holland","minor","19334","1528983358"
"Leek","Leek","53.1500","6.3833","Netherlands","NL","NLD","Groningen","minor","19669","1528583392"
"Enkhuizen","Enkhuizen","52.7000","5.2833","Netherlands","NL","NLD","Noord-Holland","minor","18507","1528919863"
"Meerssen","Meerssen","50.8858","5.7519","Netherlands","NL","NLD","Limburg","minor","18923","1528383946"
"Someren","Someren","51.3847","5.7119","Netherlands","NL","NLD","Noord-Brabant","minor","19322","1528912207"
"Eersel","Eersel","51.3572","5.3147","Netherlands","NL","NLD","Noord-Brabant","minor","19110","1528475270"
"Groesbeek","Groesbeek","51.7833","5.9333","Netherlands","NL","NLD","Gelderland","minor","18870","1528617785"
"Druten","Druten","51.8889","5.6044","Netherlands","NL","NLD","Gelderland","minor","18797","1528263321"
"Zuidhorn","Zuidhorn","53.2468","6.4077","Netherlands","NL","NLD","Groningen","minor","18917","1528073440"
"Hardinxveld-Giessendam","Hardinxveld-Giessendam","51.8300","4.8700","Netherlands","NL","NLD","Zuid-Holland","minor","18051","1528515465"
"Oirschot","Oirschot","51.5047","5.3128","Netherlands","NL","NLD","Noord-Brabant","minor","18623","1528394543"
"Heerde","Heerde","52.4000","6.0667","Netherlands","NL","NLD","Gelderland","minor","18546","1528444731"
"Bergeijk","Bergeijk","51.3203","5.3592","Netherlands","NL","NLD","Noord-Brabant","minor","18491","1528769857"
"Bodegraven","Bodegraven","52.0808","4.7486","Netherlands","NL","NLD","Zuid-Holland","minor","17954","1528875196"
"Middelharnis","Middelharnis","51.7535","4.1647","Netherlands","NL","NLD","Zuid-Holland","minor","18050","1528464383"
"Sint-Oedenrode","Sint-Oedenrode","51.5636","5.4608","Netherlands","NL","NLD","Noord-Brabant","minor","17893","1528117476"
"Waalre","Waalre","51.3867","5.4456","Netherlands","NL","NLD","Noord-Brabant","minor","17247","1528079244"
"Naarden","Naarden","52.2953","5.1622","Netherlands","NL","NLD","Noord-Holland","minor","17202","1528281177"
"Ommen","Ommen","52.5167","6.4167","Netherlands","NL","NLD","Overijssel","minor","17813","1528222836"
"Brielle","Brielle","51.9042","4.1639","Netherlands","NL","NLD","Zuid-Holland","minor","17182","1528923467"
"Schijndel","Schijndel","51.6183","5.4364","Netherlands","NL","NLD","Noord-Brabant","minor","17104","1528263982"
"Echt","Echt","51.1058","5.8706","Netherlands","NL","NLD","Limburg","minor","17251","1528492944"
"Gennep","Gennep","51.6942","5.9733","Netherlands","NL","NLD","Limburg","minor","17071","1528960180"
"Son en Breugel","Son en Breugel","51.5158","5.5022","Netherlands","NL","NLD","Noord-Brabant","minor","16904","1528367676"
"Zandvoort","Zandvoort","52.3667","4.5333","Netherlands","NL","NLD","Noord-Holland","minor","17011","1528150245"
"Noordwijkerhout","Noordwijkerhout","52.2594","4.4919","Netherlands","NL","NLD","Zuid-Holland","minor","16605","1528406512"
"Nederweert","Nederweert","51.2828","5.7472","Netherlands","NL","NLD","Limburg","minor","17001","1528349130"
"Staphorst","Staphorst","52.6333","6.2000","Netherlands","NL","NLD","Overijssel","minor","17003","1528939311"
"Asten","Asten","51.4031","5.7472","Netherlands","NL","NLD","Noord-Brabant","minor","16710","1528132809"
"Heumen","Heumen","51.7656","5.8433","Netherlands","NL","NLD","Gelderland","","16486","1528375615"
"Westervoort","Westervoort","51.9667","5.9667","Netherlands","NL","NLD","Gelderland","minor","14944","1528918651"
"Beek","Beek","50.9394","5.7961","Netherlands","NL","NLD","Limburg","minor","15929","1528590819"
"Harenkarspel","Harenkarspel","52.7344","4.7706","Netherlands","NL","NLD","Noord-Holland","","16179","1528667512"
"Harlingen","Harlingen","53.1736","5.4272","Netherlands","NL","NLD","Fryslân","minor","15822","1528687785"
"Sassenheim","Sassenheim","52.2258","4.5225","Netherlands","NL","NLD","Zuid-Holland","minor","14886","1528941330"
"Vlagtwedde","Vlagtwedde","53.0261","7.1117","Netherlands","NL","NLD","Groningen","","15908","1528022418"
"Boskoop","Boskoop","52.0667","4.6333","Netherlands","NL","NLD","Zuid-Holland","minor","15045","1528548722"
"Nuth","Nuth","50.9167","5.8833","Netherlands","NL","NLD","Limburg","minor","15423","1528559023"
"Bunnik","Bunnik","52.0672","5.1969","Netherlands","NL","NLD","Utrecht","","15192","1528719790"
"Hilvarenbeek","Hilvarenbeek","51.4861","5.1367","Netherlands","NL","NLD","Noord-Brabant","minor","15334","1528436938"
"Breukelen","Breukelen","52.1725","4.9986","Netherlands","NL","NLD","Utrecht","","14736","1528284816"
"Woudrichem","Woudrichem","51.8133","5.0006","Netherlands","NL","NLD","Noord-Brabant","minor","14634","1528290983"
"Slochteren","Slochteren","53.2167","6.8000","Netherlands","NL","NLD","Groningen","minor","14737","1528066163"
"Lopik","Lopik","51.9722","4.9464","Netherlands","NL","NLD","Utrecht","minor","14473","1528959358"
"Haaren","Haaren","51.6017","5.2228","Netherlands","NL","NLD","Noord-Brabant","minor","14195","1528557214"
"Montfoort","Montfoort","52.0450","4.9508","Netherlands","NL","NLD","Utrecht","minor","13996","1528818658"
"Uitgeest","Uitgeest","52.5292","4.7103","Netherlands","NL","NLD","Noord-Holland","minor","13528","1528048993"
"Beilen","Beilen","52.8567","6.5111","Netherlands","NL","NLD","Drenthe","minor","14089","1528196835"
"Beesel","Beesel","51.2669","6.0392","Netherlands","NL","NLD","Limburg","","13519","1528749686"
"Schoonhoven","Schoonhoven","51.9475","4.8486","Netherlands","NL","NLD","Zuid-Holland","minor","11922","1528834731"
"Margraten","Margraten","50.8225","5.8203","Netherlands","NL","NLD","Limburg","","13370","1528721027"
"Winsum","Winsum","53.3312","6.5157","Netherlands","NL","NLD","Groningen","minor","13560","1528389180"
"Reeuwijk","Reeuwijk","52.0481","4.7203","Netherlands","NL","NLD","Zuid-Holland","","13296","1528903557"
"Woudenberg","Woudenberg","52.0806","5.4164","Netherlands","NL","NLD","Utrecht","minor","13166","1528766382"
"Schinnen","Schinnen","50.9428","5.8894","Netherlands","NL","NLD","Limburg","minor","12911","1528127651"
"Oudenbosch","Oudenbosch","51.5892","4.5239","Netherlands","NL","NLD","Noord-Brabant","minor","12780","1528311277"
"Bergen","Bergen","51.5992","6.0336","Netherlands","NL","NLD","Limburg","minor","13140","1528008506"
"Franeker","Franeker","53.1875","5.5400","Netherlands","NL","NLD","Fryslân","minor","12781","1528890881"
"Grave","Grave","51.7592","5.7383","Netherlands","NL","NLD","Noord-Brabant","minor","12483","1528377507"
"Kapelle","Kapelle","51.5000","3.9500","Netherlands","NL","NLD","Zeeland","minor","12785","1528835251"
"Voerendaal","Voerendaal","50.8833","5.9167","Netherlands","NL","NLD","Limburg","minor","12452","1528448333"
"Hattem","Hattem","52.4744","6.0697","Netherlands","NL","NLD","Gelderland","minor","12173","1528928512"
"Wieringerwerf","Wieringerwerf","52.8500","5.0300","Netherlands","NL","NLD","Noord-Holland","","12576","1528023742"
"Neerijnen","Neerijnen","51.8333","5.2833","Netherlands","NL","NLD","Gelderland","minor","12397","1528553514"
"Dokkum","Dokkum","53.3253","5.9989","Netherlands","NL","NLD","Fryslân","minor","12365","1528667221"
"Grootegast","Grootegast","53.2091","6.2674","Netherlands","NL","NLD","Groningen","minor","12143","1528352436"
"Appingedam","Appingedam","53.3167","6.8667","Netherlands","NL","NLD","Groningen","minor","11721","1528708475"
"Laren","Laren","52.2544","5.2317","Netherlands","NL","NLD","Noord-Holland","minor","11195","1528663323"
"Opmeer","Opmeer","52.7033","4.9444","Netherlands","NL","NLD","Noord-Holland","minor","11779","1528203393"
"Doesburg","Doesburg","52.0167","6.1333","Netherlands","NL","NLD","Gelderland","minor","11148","1528413725"
"Blaricum","Blaricum","52.2728","5.2422","Netherlands","NL","NLD","Noord-Holland","minor","11202","1528676942"
"Landsmeer","Landsmeer","52.4293","4.9136","Netherlands","NL","NLD","Noord-Holland","minor","11488","1528416718"
"Eijsden","Eijsden","50.7778","5.7108","Netherlands","NL","NLD","Limburg","minor","11565","1528761006"
"Sint Anthonis","Sint Anthonis","51.6258","5.8811","Netherlands","NL","NLD","Noord-Brabant","minor","11606","1528221229"
"Leidschendam","Leidschendam","52.0883","4.3944","Netherlands","NL","NLD","Zuid-Holland","minor","10482","1528331726"
"Zierikzee","Zierikzee","51.6497","3.9164","Netherlands","NL","NLD","Zeeland","minor","11360","1528091477"
"Simpelveld","Simpelveld","50.8350","5.9822","Netherlands","NL","NLD","Limburg","minor","10516","1528926079"
"Boekel","Boekel","51.6011","5.6742","Netherlands","NL","NLD","Noord-Brabant","minor","10588","1528471312"
"Bedum","Bedum","53.3000","6.6000","Netherlands","NL","NLD","Groningen","minor","10475","1528797716"
"Marum","Marum","53.1333","6.2500","Netherlands","NL","NLD","Groningen","minor","10488","1528447211"
"Monnickendam","Monnickendam","52.4547","5.0353","Netherlands","NL","NLD","Noord-Holland","minor","10316","1528187463"
"Scherpenzeel","Scherpenzeel","52.0792","5.4894","Netherlands","NL","NLD","Gelderland","minor","9873","1528061473"
"Doorn","Doorn","52.0333","5.3500","Netherlands","NL","NLD","Utrecht","minor","10124","1528210177"
"Vaals","Vaals","50.7694","6.0181","Netherlands","NL","NLD","Limburg","minor","10092","1528584480"
"Oudewater","Oudewater","52.0267","4.8686","Netherlands","NL","NLD","Utrecht","minor","10201","1528852092"
"Oostzaan","Oostzaan","52.4406","4.8789","Netherlands","NL","NLD","Noord-Holland","minor","9757","1528095690"
"Nieuw-Lekkerland","Nieuw-Lekkerland","51.8833","4.6833","Netherlands","NL","NLD","Zuid-Holland","","9541","1528878794"
"Bergambacht","Bergambacht","51.9314","4.7560","Netherlands","NL","NLD","Zuid-Holland","minor","9801","1528580595"
"Hoek van Holland","Hoek van Holland","51.9763","4.1323","Netherlands","NL","NLD","Zuid-Holland","","9382","1528209321"
"Vlist","Vlist","51.9867","4.7889","Netherlands","NL","NLD","Zuid-Holland","","9806","1528665852"
"Liesveld","Liesveld","51.9156","4.8456","Netherlands","NL","NLD","Zuid-Holland","","9746","1528417932"
"Ubbergen","Ubbergen","51.8333","5.9167","Netherlands","NL","NLD","Gelderland","","9358","1528910216"
"Eemnes","Eemnes","52.2539","5.2572","Netherlands","NL","NLD","Utrecht","minor","9113","1528049688"
"Nieuwleusen","Nieuwleusen","52.5833","6.2833","Netherlands","NL","NLD","Overijssel","","9190","1528131301"
"Abcoude","Abcoude","52.2719","4.9703","Netherlands","NL","NLD","Utrecht","","8791","1528930356"
"Wervershoof","Wervershoof","52.7347","5.1492","Netherlands","NL","NLD","Noord-Holland","","8746","1528048867"
"Strijen","Strijen","51.7422","4.5514","Netherlands","NL","NLD","Zuid-Holland","minor","8793","1528436754"
"Loenen","Loenen","52.2419","5.0275","Netherlands","NL","NLD","Utrecht","","8562","1528450020"
"Zoeterwoude","Zoeterwoude","52.1136","4.5058","Netherlands","NL","NLD","Zuid-Holland","minor","8450","1528774166"
"Heel","Heel","51.1806","5.8964","Netherlands","NL","NLD","Limburg","","8295","1528263679"
"Dirksland","Dirksland","51.7500","4.1000","Netherlands","NL","NLD","Zuid-Holland","","8408","1528662007"
"Ouderkerk aan de Amstel","Ouderkerk aan de Amstel","52.2972","4.9117","Netherlands","NL","NLD","Noord-Holland","minor","8200","1528993814"
"Oostvoorne","Oostvoorne","51.9119","4.1008","Netherlands","NL","NLD","Zuid-Holland","","8055","1528557738"
"Anna Paulowna","Anna Paulowna","52.8500","4.8167","Netherlands","NL","NLD","Noord-Holland","minor","7380","1528355682"
"Ten Boer","Ten Boer","53.2833","6.6833","Netherlands","NL","NLD","Groningen","minor","7292","1528853647"
"Lith","Lith","51.8042","5.4408","Netherlands","NL","NLD","Noord-Brabant","","6685","1528204710"
"Baarle-Nassau","Baarle-Nassau","51.4500","4.9333","Netherlands","NL","NLD","Noord-Brabant","minor","6847","1528269117"
"Schoorl","Schoorl","52.7014","4.6944","Netherlands","NL","NLD","Noord-Holland","","6586","1528874482"
"Teteringen","Teteringen","51.6086","4.8206","Netherlands","NL","NLD","Noord-Brabant","","5371","1528471444"
"Andijk","Andijk","52.7500","5.2200","Netherlands","NL","NLD","Noord-Holland","","6423","1528609605"
"Millingen aan de Rijn","Millingen aan de Rijn","51.8667","6.0500","Netherlands","NL","NLD","Gelderland","minor","5921","1528265351"
"Groot-Valkenisse","Groot-Valkenisse","51.4889","3.5156","Netherlands","NL","NLD","Zeeland","","6168","1528432033"
"Arnemuiden","Arnemuiden","51.5000","3.6667","Netherlands","NL","NLD","Zeeland","","5055","1528234052"
"Renswoude","Renswoude","52.0739","5.5406","Netherlands","NL","NLD","Utrecht","minor","5259","1528855502"
"Schermerhorn","Schermerhorn","52.6067","4.8511","Netherlands","NL","NLD","Noord-Holland","","5359","1528937405"
"Velden","Velden","51.4117","6.1678","Netherlands","NL","NLD","Limburg","","5085","1528172155"
"Wisch","Wisch","51.9333","6.3167","Netherlands","NL","NLD","Gelderland","","5017","1528925608"
"Bolsward","Bolsward","53.0667","5.5333","Netherlands","NL","NLD","Fryslân","","9974","1528220988"
